record_id,model,ED-PTSD-symptoms,peri-trauma-symptoms,protective-factors,risk-factors
1001,llama33_70B,"PTSD risk score: ""80""
Explanation: The patient exhibits hyperarousal symptoms, avoidance behaviors, and intrusive memories, indicating a high risk for developing PTSD.","PTSD risk score: ""80""
Explanation: High-impact collision, loss of consciousness, and subsequent avoidance and hyperarousal symptoms indicate significant trauma exposure and acute distress.","PTSD risk score: ""80""
Explanation: The patient exhibits hyperarousal symptoms, avoidance behavior, and intrusive memories, indicating a high risk for developing PTSD.","PTSD risk score: ""80""
Explanation: The patient exhibits acute stress reactions, avoidance behaviors, and intrusive memories, indicating a high risk for developing PTSD."
1002,llama33_70B,"PTSD risk score: ""80""
Explanation: The patient exhibits hyperarousal, avoidance, and intrusion symptoms, such as feeling on edge, having nightmares, and avoiding going out after dark.","PTSD risk score: ""80""
Explanation: Peri-traumatic dissociation, perceived life threat, loss of control, and subsequent nightmares indicate high risk.","PTSD risk score: ""80""
Explanation: The patient's symptoms, including hypervigilance, nightmares, and avoidance behaviors, indicate a high risk of developing PTSD.","PTSD risk score: ""80""
Explanation: High risk is indicated by severe physical assault, immediate hyperarousal symptoms, and intense nightmares."
1003,llama33_70B,"PTSD risk score: ""80""
Explanation: Patient exhibits acute post-traumatic stress symptoms, including anxiety, startle response, and intrusive thoughts, indicating high risk for developing PTSD.","PTSD risk score: ""80""
Explanation: High-energy impact, loss of control, and persistent anxiety symptoms indicate increased risk.","PTSD risk score: ""60""
Explanation: The patient's anxiety, startle response, and intrusive thoughts indicate significant distress, but receipt of timely medical care and support from wife may mitigate PTSD risk.","PTSD risk score: ""80""
Explanation: High-risk features include severe physical injury, persistent anxiety, intrusive thoughts, and significant changes in behavior and mood."
1004,llama33_70B,"PTSD risk score: ""80""
Explanation: The patient exhibits acute post-traumatic stress symptoms, including numbness, detachment, loss of enjoyment, and dissociation,","PTSD risk score: ""80""
Explanation: Patient exhibits peri-traumatic dissociation, numbness, detachment, and loss of enjoyment, indicating high risk for developing PTSD.","PTSD risk score: ""80""
Explanation: The patient's report of feeling numb, detached, and experiencing dissociative symptoms, such as zoning out, indicates a high risk for developing PTSD.","PTSD risk score: ""80""
Explanation: The patient's reported numbing, detachment, and avoidance of discussing the accident indicate a high risk for developing PTSD."
